source,first_line,second_line,first_frame,second_frame,distance_m,similarity,label,first_view_count,second_view_count
outputs/memory_graph_backtrack_smoke_20260710_112254/trajectory_0/qwen_calls.jsonl,0,1,0,11,0.727328,0.618989,same_place,1,1
outputs/memory_graph_integrated_20260710_111028/trajectory_0/qwen_calls.jsonl,0,1,0,1,0.727328,0.618989,same_place,1,1
outputs/memory_graph_integrated_20260710_111028/trajectory_0/qwen_calls.jsonl,0,2,0,2,0.727328,0.62475,same_place,1,5
outputs/memory_graph_integrated_20260710_111028/trajectory_0/qwen_calls.jsonl,0,4,0,4,2.019417,0.548353,different_place,1,1
outputs/memory_graph_integrated_20260710_111028/trajectory_0/qwen_calls.jsonl,0,5,0,5,3.428131,0.494115,different_place,1,1
outputs/memory_graph_integrated_20260710_111028/trajectory_0/qwen_calls.jsonl,0,6,0,6,3.428131,0.548953,different_place,1,5
outputs/memory_graph_integrated_20260710_111028/trajectory_0/qwen_calls.jsonl,0,7,0,7,3.428131,0.489629,different_place,1,1
outputs/memory_graph_integrated_20260710_111028/trajectory_0/qwen_calls.jsonl,1,2,1,2,0.0,1.0,same_place,1,5
outputs/memory_graph_integrated_20260710_111028/trajectory_0/qwen_calls.jsonl,1,3,1,3,0.683013,0.635918,same_place,1,1
outputs/memory_graph_integrated_20260710_111028/trajectory_0/qwen_calls.jsonl,1,5,1,5,3.065668,0.59967,different_place,1,1
outputs/memory_graph_integrated_20260710_111028/trajectory_0/qwen_calls.jsonl,1,6,1,6,3.065668,0.632402,different_place,1,5
outputs/memory_graph_integrated_20260710_111028/trajectory_0/qwen_calls.jsonl,1,7,1,7,3.065668,0.632402,different_place,1,1
outputs/memory_graph_integrated_20260710_111028/trajectory_0/qwen_calls.jsonl,2,3,2,3,0.683013,0.874759,same_place,5,1
outputs/memory_graph_integrated_20260710_111028/trajectory_0/qwen_calls.jsonl,2,5,2,5,3.065668,0.769309,different_place,5,1
outputs/memory_graph_integrated_20260710_111028/trajectory_0/qwen_calls.jsonl,2,6,2,6,3.065668,0.769566,different_place,5,5
outputs/memory_graph_integrated_20260710_111028/trajectory_0/qwen_calls.jsonl,2,7,2,7,3.065668,0.683427,different_place,5,1
outputs/memory_graph_integrated_20260710_111028/trajectory_0/qwen_calls.jsonl,3,5,3,5,2.469672,0.812716,different_place,1,1
outputs/memory_graph_integrated_20260710_111028/trajectory_0/qwen_calls.jsonl,3,6,3,6,2.469672,0.812896,different_place,1,5
outputs/memory_graph_integrated_20260710_111028/trajectory_0/qwen_calls.jsonl,3,7,3,7,2.469672,0.652094,different_place,1,1
outputs/memory_graph_integrated_20260710_111028/trajectory_0/qwen_calls.jsonl,5,6,5,6,0.0,0.999998,same_place,1,5
outputs/memory_graph_integrated_20260710_111028/trajectory_0/qwen_calls.jsonl,5,7,5,7,0.0,0.66607,same_place,1,1
outputs/memory_graph_integrated_20260710_111028/trajectory_0/qwen_calls.jsonl,6,7,6,7,0.0,1.0,same_place,5,1
outputs/memory_pose_neutral_smoke_20260710_112732/trajectory_0/qwen_calls.jsonl,0,1,0,11,0.727328,0.618989,same_place,1,1
outputs/memory_pose_verified_20260710_113131/trajectory_0/qwen_calls.jsonl,0,1,0,11,0.727328,0.618989,same_place,1,1
outputs/memory_sidecar_v6_20260710_082251/trajectory_0/qwen_calls.jsonl,0,1,0,1,3e-06,0.726952,same_place,1,1
outputs/memory_sidecar_v6_20260710_082251/trajectory_0/qwen_calls.jsonl,0,2,0,2,3e-06,0.999918,same_place,1,5
outputs/memory_sidecar_v6_20260710_082251/trajectory_0/qwen_calls.jsonl,0,3,0,3,3e-06,0.708589,same_place,1,1
outputs/memory_sidecar_v6_20260710_082251/trajectory_0/qwen_calls.jsonl,0,4,0,4,3e-06,0.754485,same_place,1,5
outputs/memory_sidecar_v6_20260710_082251/trajectory_0/qwen_calls.jsonl,0,5,0,5,3e-06,0.517192,same_place,1,1
outputs/memory_sidecar_v6_20260710_082251/trajectory_0/qwen_calls.jsonl,0,6,0,6,3e-06,0.708709,same_place,1,5
outputs/memory_sidecar_v6_20260710_082251/trajectory_0/qwen_calls.jsonl,0,7,0,7,3e-06,0.668729,same_place,1,1
outputs/memory_sidecar_v6_20260710_082251/trajectory_0/qwen_calls.jsonl,1,2,1,2,0.0,1.0,same_place,1,5
outputs/memory_sidecar_v6_20260710_082251/trajectory_0/qwen_calls.jsonl,1,3,1,3,0.0,0.691306,same_place,1,1
outputs/memory_sidecar_v6_20260710_082251/trajectory_0/qwen_calls.jsonl,1,4,1,4,0.0,1.0,same_place,1,5
outputs/memory_sidecar_v6_20260710_082251/trajectory_0/qwen_calls.jsonl,1,5,1,5,0.0,0.466807,same_place,1,1
outputs/memory_sidecar_v6_20260710_082251/trajectory_0/qwen_calls.jsonl,1,6,1,6,0.0,0.691226,same_place,1,5
outputs/memory_sidecar_v6_20260710_082251/trajectory_0/qwen_calls.jsonl,1,7,1,7,0.0,0.425044,same_place,1,1
outputs/memory_sidecar_v6_20260710_082251/trajectory_0/qwen_calls.jsonl,2,3,2,3,0.0,1.0,same_place,5,1
outputs/memory_sidecar_v6_20260710_082251/trajectory_0/qwen_calls.jsonl,2,4,2,4,0.0,1.0,same_place,5,5
outputs/memory_sidecar_v6_20260710_082251/trajectory_0/qwen_calls.jsonl,2,5,2,5,0.0,0.542755,same_place,5,1
outputs/memory_sidecar_v6_20260710_082251/trajectory_0/qwen_calls.jsonl,2,6,2,6,0.0,0.999998,same_place,5,5
outputs/memory_sidecar_v6_20260710_082251/trajectory_0/qwen_calls.jsonl,2,7,2,7,0.0,0.669873,same_place,5,1
outputs/memory_sidecar_v6_20260710_082251/trajectory_0/qwen_calls.jsonl,3,4,3,4,0.0,1.0,same_place,1,5
outputs/memory_sidecar_v6_20260710_082251/trajectory_0/qwen_calls.jsonl,3,5,3,5,0.0,0.542755,same_place,1,1
outputs/memory_sidecar_v6_20260710_082251/trajectory_0/qwen_calls.jsonl,3,6,3,6,0.0,0.999998,same_place,1,5
outputs/memory_sidecar_v6_20260710_082251/trajectory_0/qwen_calls.jsonl,3,7,3,7,0.0,0.54684,same_place,1,1
outputs/memory_sidecar_v6_20260710_082251/trajectory_0/qwen_calls.jsonl,4,5,4,5,0.0,0.999995,same_place,5,1
outputs/memory_sidecar_v6_20260710_082251/trajectory_0/qwen_calls.jsonl,4,6,4,6,0.0,0.999998,same_place,5,5
outputs/memory_sidecar_v6_20260710_082251/trajectory_0/qwen_calls.jsonl,4,7,4,7,0.0,0.575652,same_place,5,1
outputs/memory_sidecar_v6_20260710_082251/trajectory_0/qwen_calls.jsonl,5,6,5,6,0.0,1.0,same_place,1,5
outputs/memory_sidecar_v6_20260710_082251/trajectory_0/qwen_calls.jsonl,5,7,5,7,0.0,0.576449,same_place,1,1
outputs/memory_sidecar_v6_20260710_082251/trajectory_0/qwen_calls.jsonl,6,7,6,7,0.0,0.999989,same_place,5,1
outputs/memory_sidecar_v6_fixed_20260710_082655/trajectory_0/qwen_calls.jsonl,0,1,0,1,0.727328,0.618989,same_place,1,1
outputs/memory_sidecar_v6_fixed_20260710_082655/trajectory_0/qwen_calls.jsonl,1,2,1,2,0.5,0.747344,same_place,1,5
outputs/memory_sidecar_v6_json_20260710_083652/trajectory_0/qwen_calls.jsonl,0,1,0,1,0.5,0.443989,same_place,1,1
outputs/memory_sidecar_v6_json_20260710_083652/trajectory_0/qwen_calls.jsonl,0,2,0,2,0.5,0.600829,same_place,1,1
outputs/memory_sidecar_v6_json_20260710_083652/trajectory_0/qwen_calls.jsonl,1,2,1,2,0.0,0.634814,same_place,1,1
outputs/memory_sidecar_v6_nothink_20260710_083138/trajectory_0/qwen_calls.jsonl,0,1,0,1,0.727328,0.618989,same_place,1,1
outputs/memory_sidecar_v6_nothink_20260710_083138/trajectory_0/qwen_calls.jsonl,1,2,1,2,0.5,0.747344,same_place,1,5
outputs/negative_memory_closed_loop_20260710_140316/trajectory_0/qwen_calls.jsonl,0,1,0,19,0.727328,0.62475,same_place,1,5
outputs/negative_memory_stress_20260710_133620/trajectory_0/qwen_calls.jsonl,0,1,0,19,0.727328,0.62475,same_place,1,5
outputs/negative_memory_stress_20260710_133620/trajectory_0/qwen_calls.jsonl,0,2,0,21,0.727328,0.62475,same_place,1,1
outputs/negative_memory_stress_20260710_133620/trajectory_0/qwen_calls.jsonl,0,3,0,30,0.727328,0.737023,same_place,1,5
outputs/negative_memory_stress_20260710_133620/trajectory_0/qwen_calls.jsonl,0,4,0,32,0.727328,0.522613,same_place,1,1
outputs/negative_memory_stress_20260710_133620/trajectory_0/qwen_calls.jsonl,0,5,0,41,0.727328,0.78571,same_place,1,5
outputs/negative_memory_stress_20260710_133620/trajectory_0/qwen_calls.jsonl,0,6,0,43,0.727328,0.737023,same_place,1,1
outputs/negative_memory_stress_20260710_133620/trajectory_0/qwen_calls.jsonl,0,7,0,52,0.727328,0.78571,same_place,1,5
outputs/negative_memory_stress_20260710_133620/trajectory_0/qwen_calls.jsonl,0,8,0,54,0.727328,0.78571,same_place,1,1
outputs/negative_memory_stress_20260710_133620/trajectory_0/qwen_calls.jsonl,0,9,0,63,0.727328,0.78571,same_place,1,5
outputs/negative_memory_stress_20260710_133620/trajectory_0/qwen_calls.jsonl,1,2,19,21,0.0,1.0,same_place,5,1
outputs/negative_memory_stress_20260710_133620/trajectory_0/qwen_calls.jsonl,1,3,19,30,0.0,1.0,same_place,5,5
outputs/negative_memory_stress_20260710_133620/trajectory_0/qwen_calls.jsonl,1,4,19,32,0.0,0.999993,same_place,5,1
outputs/negative_memory_stress_20260710_133620/trajectory_0/qwen_calls.jsonl,1,5,19,41,0.0,1.0,same_place,5,5
outputs/negative_memory_stress_20260710_133620/trajectory_0/qwen_calls.jsonl,1,6,19,43,0.0,0.676006,same_place,5,1
outputs/negative_memory_stress_20260710_133620/trajectory_0/qwen_calls.jsonl,1,7,19,52,0.0,0.999999,same_place,5,5
outputs/negative_memory_stress_20260710_133620/trajectory_0/qwen_calls.jsonl,1,8,19,54,0.0,0.561201,same_place,5,1
outputs/negative_memory_stress_20260710_133620/trajectory_0/qwen_calls.jsonl,1,9,19,63,0.0,0.999995,same_place,5,5
outputs/negative_memory_stress_20260710_133620/trajectory_0/qwen_calls.jsonl,2,3,21,30,0.0,1.0,same_place,1,5
outputs/negative_memory_stress_20260710_133620/trajectory_0/qwen_calls.jsonl,2,4,21,32,0.0,0.836158,same_place,1,1
outputs/negative_memory_stress_20260710_133620/trajectory_0/qwen_calls.jsonl,2,5,21,41,0.0,0.999998,same_place,1,5
outputs/negative_memory_stress_20260710_133620/trajectory_0/qwen_calls.jsonl,2,6,21,43,0.0,0.649661,same_place,1,1
outputs/negative_memory_stress_20260710_133620/trajectory_0/qwen_calls.jsonl,2,7,21,52,0.0,0.999999,same_place,1,5
outputs/negative_memory_stress_20260710_133620/trajectory_0/qwen_calls.jsonl,2,8,21,54,0.0,0.561201,same_place,1,1
outputs/negative_memory_stress_20260710_133620/trajectory_0/qwen_calls.jsonl,2,9,21,63,0.0,0.836332,same_place,1,5
outputs/negative_memory_stress_20260710_133620/trajectory_0/qwen_calls.jsonl,3,4,30,32,0.0,0.999998,same_place,5,1
outputs/negative_memory_stress_20260710_133620/trajectory_0/qwen_calls.jsonl,3,5,30,41,0.0,0.999998,same_place,5,5
outputs/negative_memory_stress_20260710_133620/trajectory_0/qwen_calls.jsonl,3,6,30,43,0.0,1.0,same_place,5,1
outputs/negative_memory_stress_20260710_133620/trajectory_0/qwen_calls.jsonl,3,7,30,52,0.0,0.999999,same_place,5,5
outputs/negative_memory_stress_20260710_133620/trajectory_0/qwen_calls.jsonl,3,8,30,54,0.0,0.782246,same_place,5,1
outputs/negative_memory_stress_20260710_133620/trajectory_0/qwen_calls.jsonl,3,9,30,63,0.0,1.0,same_place,5,5
outputs/negative_memory_stress_20260710_133620/trajectory_0/qwen_calls.jsonl,4,5,32,41,0.0,0.999998,same_place,1,5
outputs/negative_memory_stress_20260710_133620/trajectory_0/qwen_calls.jsonl,4,6,32,43,0.0,0.598972,same_place,1,1
outputs/negative_memory_stress_20260710_133620/trajectory_0/qwen_calls.jsonl,4,7,32,52,0.0,1.0,same_place,1,5
outputs/negative_memory_stress_20260710_133620/trajectory_0/qwen_calls.jsonl,4,8,32,54,0.0,0.458576,same_place,1,1
outputs/negative_memory_stress_20260710_133620/trajectory_0/qwen_calls.jsonl,4,9,32,63,0.0,0.999998,same_place,1,5
outputs/negative_memory_stress_20260710_133620/trajectory_0/qwen_calls.jsonl,5,6,41,43,0.0,0.999989,same_place,5,1
outputs/negative_memory_stress_20260710_133620/trajectory_0/qwen_calls.jsonl,5,7,41,52,0.0,1.0,same_place,5,5
outputs/negative_memory_stress_20260710_133620/trajectory_0/qwen_calls.jsonl,5,8,41,54,0.0,1.0,same_place,5,1
outputs/negative_memory_stress_20260710_133620/trajectory_0/qwen_calls.jsonl,5,9,41,63,0.0,1.0,same_place,5,5
outputs/negative_memory_stress_20260710_133620/trajectory_0/qwen_calls.jsonl,6,7,43,52,0.0,0.999989,same_place,1,5
outputs/negative_memory_stress_20260710_133620/trajectory_0/qwen_calls.jsonl,6,8,43,54,0.0,0.782246,same_place,1,1
outputs/negative_memory_stress_20260710_133620/trajectory_0/qwen_calls.jsonl,6,9,43,63,0.0,1.0,same_place,1,5
outputs/negative_memory_stress_20260710_133620/trajectory_0/qwen_calls.jsonl,7,8,52,54,0.0,1.0,same_place,5,1
outputs/negative_memory_stress_20260710_133620/trajectory_0/qwen_calls.jsonl,7,9,52,63,0.0,1.0,same_place,5,5
outputs/negative_memory_stress_20260710_133620/trajectory_0/qwen_calls.jsonl,8,9,54,63,0.0,1.0,same_place,1,5
outputs/rgb_point_guard_20260710_142947/trajectory_0/qwen_calls.jsonl,0,1,0,19,0.727328,0.62475,same_place,1,5
outputs/rgb_point_guard_20260710_142947/trajectory_0/qwen_calls.jsonl,0,2,0,21,0.727328,0.62475,same_place,1,1
outputs/rgb_point_guard_20260710_142947/trajectory_0/qwen_calls.jsonl,0,3,0,24,0.727328,0.73715,same_place,1,1
outputs/rgb_point_guard_20260710_142947/trajectory_0/qwen_calls.jsonl,1,2,19,21,0.0,1.0,same_place,5,1
outputs/rgb_point_guard_20260710_142947/trajectory_0/qwen_calls.jsonl,1,3,19,24,0.0,0.675806,same_place,5,1
outputs/rgb_point_guard_20260710_142947/trajectory_0/qwen_calls.jsonl,2,3,21,24,0.0,0.64941,same_place,1,1
outputs/rgb_point_guard_final_20260710_144132/trajectory_0/qwen_calls.jsonl,0,1,0,19,0.727328,0.62475,same_place,1,5
